sensor_id,timestamp,temperature,humidity,location,sensor_type
1093,2025-04-24 01:10:38,27.6,38.51,BuildingA_Floor2,TypeC
1001,2025-04-22 12:09:52,19.75,72.26,BuildingA_Floor2,TypeB
1016,2025-04-22 00:35:48,17.81,45.65,BuildingA_Floor1,TypeB
1027,2025-04-22 16:26:19,18.29,40.17,BuildingB_Floor1,TypeC
1023,2025-04-22 00:46:51,29.71,72.12,BuildingB_Floor1,TypeA
1088,2025-04-23 22:39:23,33.14,52.51,BuildingA_Floor2,TypeA
1023,2025-04-24 04:07:40,19.62,74.61,BuildingB_Floor2,TypeA
1027,2025-04-24 17:03:58,34.3,50.64,BuildingB_Floor1,TypeC
1039,2025-04-23 13:51:29,27.68,74.8,BuildingA_Floor2,TypeA
1019,2025-04-21 20:16:09,31.15,54.04,BuildingB_Floor2,TypeA
1040,2025-04-24 09:29:42,15.11,37.49,BuildingB_Floor2,TypeA
1057,2025-04-23 04:21:20,18.02,58.99,BuildingA_Floor2,TypeB
1046,2025-04-25 18:52:25,15.73,33.59,BuildingA_Floor2,TypeC
1060,2025-04-25 03:18:25,18.5,50.44,BuildingA_Floor1,TypeA
1081,2025-04-24 09:05:21,30.39,58.07,BuildingA_Floor2,TypeB
1070,2025-04-23 21:11:06,29.15,61.57,BuildingB_Floor2,TypeC
1043,2025-04-22 04:27:04,18.24,70.78,BuildingA_Floor1,TypeA
1021,2025-04-22 13:50:19,33.44,48.05,BuildingB_Floor2,TypeB
1003,2025-04-22 16:19:31,20.25,74.93,BuildingB_Floor1,TypeA
1084,2025-04-22 14:42:47,17.52,44.38,BuildingB_Floor2,TypeC
1081,2025-04-25 22:07:39,31.89,45.79,BuildingA_Floor2,TypeC
1046,2025-04-21 09:39:06,34.64,76.4,BuildingB_Floor2,TypeC
1021,2025-04-22 11:13:38,19.37,72.82,BuildingA_Floor1,TypeC
1004,2025-04-21 09:35:42,22.11,43.86,BuildingB_Floor2,TypeB
1072,2025-04-21 21:45:53,22.67,42.87,BuildingB_Floor1,TypeC
1054,2025-04-24 18:14:54,16.93,55.54,BuildingA_Floor1,TypeB
1020,2025-04-22 10:05:43,16.64,33.38,BuildingB_Floor1,TypeB
1005,2025-04-21 08:27:08,29.0,50.25,BuildingB_Floor2,TypeA
1055,2025-04-23 04:03:14,27.21,74.92,BuildingB_Floor1,TypeA
1067,2025-04-25 14:03:59,16.85,36.93,BuildingB_Floor1,TypeB
1029,2025-04-25 09:06:25,27.44,72.01,BuildingB_Floor1,TypeB
1040,2025-04-25 07:38:08,27.14,67.55,BuildingB_Floor2,TypeA
1078,2025-04-23 03:46:55,24.91,79.11,BuildingB_Floor1,TypeB
1043,2025-04-25 08:13:33,15.98,37.08,BuildingB_Floor2,TypeB
1068,2025-04-25 03:06:06,26.99,70.61,BuildingB_Floor1,TypeB
1039,2025-04-21 18:10:34,31.1,72.09,BuildingB_Floor2,TypeA
1045,2025-04-23 15:16:05,27.18,77.1,BuildingB_Floor1,TypeB
1011,2025-04-24 00:04:22,20.48,75.19,BuildingA_Floor2,TypeA
1062,2025-04-23 12:48:56,16.53,58.47,BuildingB_Floor2,TypeC
1005,2025-04-23 12:28:49,22.95,51.93,BuildingB_Floor2,TypeC
1085,2025-04-24 19:32:06,33.39,63.83,BuildingB_Floor2,TypeB
1037,2025-04-21 11:33:24,22.21,72.12,BuildingA_Floor2,TypeB
1093,2025-04-23 13:57:40,32.16,41.01,BuildingB_Floor2,TypeA
1045,2025-04-25 06:23:37,20.59,65.55,BuildingB_Floor2,TypeA
1099,2025-04-22 11:18:11,23.12,78.39,BuildingB_Floor2,TypeC
1065,2025-04-25 17:16:32,20.76,64.73,BuildingB_Floor2,TypeA
1069,2025-04-22 04:58:28,32.24,76.62,BuildingA_Floor1,TypeB
1079,2025-04-24 10:14:11,15.7,32.28,BuildingB_Floor2,TypeC
1090,2025-04-25 05:49:34,29.95,40.95,BuildingA_Floor1,TypeB
1088,2025-04-23 21:01:21,21.26,59.67,BuildingB_Floor1,TypeB
1061,2025-04-21 02:14:04,17.68,63.65,BuildingB_Floor1,TypeA
1032,2025-04-23 16:18:09,28.68,51.65,BuildingA_Floor2,TypeB
1010,2025-04-21 22:12:53,18.52,75.5,BuildingB_Floor2,TypeA
1061,2025-04-23 03:53:21,22.96,32.92,BuildingB_Floor1,TypeC
1089,2025-04-25 13:33:36,33.96,66.44,BuildingA_Floor2,TypeB
1090,2025-04-23 04:44:36,32.99,79.39,BuildingA_Floor2,TypeC
1098,2025-04-22 06:03:28,28.95,30.38,BuildingB_Floor2,TypeA
1078,2025-04-21 22:34:07,20.65,36.37,BuildingA_Floor1,TypeA
1013,2025-04-25 19:08:43,29.75,44.63,BuildingA_Floor1,TypeA
1013,2025-04-24 17:58:11,21.23,52.95,BuildingA_Floor2,TypeA
1069,2025-04-21 12:44:45,26.9,59.8,BuildingB_Floor2,TypeB
1027,2025-04-23 23:55:45,19.61,49.25,BuildingB_Floor1,TypeB
1061,2025-04-23 06:11:33,22.52,30.92,BuildingA_Floor2,TypeB
1080,2025-04-25 16:29:59,26.3,41.64,BuildingA_Floor1,TypeB
1002,2025-04-23 07:59:18,26.41,47.51,BuildingA_Floor2,TypeA
1030,2025-04-23 13:27:10,27.14,45.3,BuildingA_Floor2,TypeA
1007,2025-04-24 23:29:16,25.37,73.73,BuildingA_Floor1,TypeA
1064,2025-04-23 18:44:29,27.76,64.04,BuildingB_Floor2,TypeA
1092,2025-04-21 20:41:14,25.78,71.24,BuildingA_Floor1,TypeB
1078,2025-04-21 12:21:36,33.43,32.18,BuildingA_Floor1,TypeA
1042,2025-04-25 21:46:19,22.75,53.79,BuildingB_Floor1,TypeA
1011,2025-04-25 23:11:07,27.6,51.49,BuildingB_Floor2,TypeA
1015,2025-04-22 13:24:28,34.43,70.45,BuildingB_Floor1,TypeB
1080,2025-04-22 13:03:25,25.0,60.65,BuildingA_Floor1,TypeA
1020,2025-04-23 05:44:06,30.78,63.05,BuildingA_Floor1,TypeA
1062,2025-04-22 00:17:13,26.36,57.18,BuildingB_Floor2,TypeA
1009,2025-04-24 08:51:28,32.21,61.04,BuildingB_Floor1,TypeB
1042,2025-04-24 19:17:20,31.41,30.8,BuildingA_Floor1,TypeA
1037,2025-04-23 16:01:22,15.64,31.72,BuildingB_Floor1,TypeA
1020,2025-04-22 13:04:19,23.5,79.79,BuildingA_Floor1,TypeC
1060,2025-04-23 22:05:10,32.74,47.81,BuildingB_Floor2,TypeC
1084,2025-04-21 11:52:21,29.91,57.29,BuildingB_Floor2,TypeA
1066,2025-04-22 23:44:41,32.96,79.03,BuildingA_Floor1,TypeC
1064,2025-04-25 01:29:39,31.17,41.8,BuildingA_Floor1,TypeC
1043,2025-04-23 15:02:08,21.84,76.35,BuildingA_Floor1,TypeA
1035,2025-04-23 07:27:08,26.84,57.54,BuildingB_Floor2,TypeC
1099,2025-04-21 09:23:47,33.12,46.37,BuildingA_Floor2,TypeB
1052,2025-04-23 19:17:14,25.24,44.45,BuildingA_Floor2,TypeA
1058,2025-04-24 07:21:02,28.95,59.42,BuildingA_Floor1,TypeC
1042,2025-04-22 23:02:28,19.43,57.91,BuildingB_Floor2,TypeB
1046,2025-04-21 05:47:35,28.09,53.13,BuildingB_Floor2,TypeB
1078,2025-04-24 09:27:21,34.64,67.37,BuildingB_Floor2,TypeA
1026,2025-04-22 18:07:43,22.06,38.11,BuildingA_Floor1,TypeA
1086,2025-04-24 08:27:23,31.11,68.05,BuildingA_Floor1,TypeA
1039,2025-04-23 03:18:50,16.58,30.76,BuildingB_Floor2,TypeA
1079,2025-04-23 13:20:27,25.04,77.41,BuildingA_Floor1,TypeC
1013,2025-04-24 07:14:54,20.17,79.48,BuildingA_Floor1,TypeC
1060,2025-04-22 03:13:15,26.39,40.33,BuildingA_Floor1,TypeB
1003,2025-04-24 19:08:47,33.65,37.71,BuildingB_Floor2,TypeC
1053,2025-04-24 16:02:28,29.29,49.14,BuildingA_Floor2,TypeB
1039,2025-04-22 19:37:21,31.72,74.81,BuildingA_Floor1,TypeA
1048,2025-04-24 19:44:10,31.8,72.08,BuildingB_Floor1,TypeB
1054,2025-04-24 21:31:29,17.83,43.49,BuildingA_Floor2,TypeA
1045,2025-04-24 16:09:22,18.1,31.79,BuildingB_Floor1,TypeB
1065,2025-04-21 06:06:27,22.01,38.96,BuildingA_Floor2,TypeB
1022,2025-04-21 13:32:34,33.98,38.87,BuildingB_Floor1,TypeB
1097,2025-04-25 11:44:35,17.62,77.89,BuildingB_Floor1,TypeC
1039,2025-04-24 16:35:01,24.87,35.33,BuildingB_Floor1,TypeA
1084,2025-04-26 01:20:19,16.12,61.93,BuildingA_Floor2,TypeC
1097,2025-04-24 19:35:27,16.11,63.77,BuildingA_Floor2,TypeB
1089,2025-04-22 08:53:53,30.17,47.33,BuildingB_Floor1,TypeC
1051,2025-04-24 15:39:47,29.66,65.93,BuildingB_Floor2,TypeB
1036,2025-04-22 07:12:40,19.0,73.74,BuildingB_Floor1,TypeB
1016,2025-04-23 00:36:33,29.86,70.9,BuildingA_Floor1,TypeA
1037,2025-04-22 02:08:27,23.49,30.23,BuildingA_Floor1,TypeB
1098,2025-04-21 10:59:05,27.49,35.35,BuildingB_Floor1,TypeB
1083,2025-04-24 10:54:06,21.62,30.61,BuildingA_Floor2,TypeB
1036,2025-04-22 08:16:55,30.73,51.63,BuildingA_Floor1,TypeA
1066,2025-04-22 17:10:25,17.75,32.16,BuildingB_Floor1,TypeC
1051,2025-04-22 10:57:24,20.93,49.89,BuildingA_Floor2,TypeA
1061,2025-04-23 20:16:05,27.71,63.49,BuildingA_Floor1,TypeA
1087,2025-04-24 10:00:52,16.48,33.81,BuildingA_Floor1,TypeC
1092,2025-04-21 18:53:17,34.1,38.78,BuildingA_Floor1,TypeA
1038,2025-04-24 15:14:02,31.46,40.92,BuildingB_Floor1,TypeA
1093,2025-04-25 09:43:39,29.86,55.52,BuildingA_Floor2,TypeB
1004,2025-04-23 00:20:48,15.89,60.22,BuildingB_Floor2,TypeC
1022,2025-04-21 23:40:00,34.25,75.24,BuildingB_Floor1,TypeB
1056,2025-04-22 21:41:42,15.57,77.65,BuildingA_Floor1,TypeC
1000,2025-04-24 05:17:12,18.21,50.13,BuildingB_Floor1,TypeC
1009,2025-04-23 06:55:24,16.55,58.83,BuildingB_Floor2,TypeB
1080,2025-04-23 04:44:11,31.96,50.76,BuildingA_Floor2,TypeB
1040,2025-04-21 12:35:02,29.66,33.89,BuildingB_Floor1,TypeB
1067,2025-04-22 20:27:48,31.11,63.1,BuildingB_Floor2,TypeB
1061,2025-04-24 04:29:51,26.93,56.49,BuildingB_Floor1,TypeB
1016,2025-04-25 19:30:09,31.67,45.24,BuildingA_Floor2,TypeA
1020,2025-04-22 18:27:30,29.84,56.78,BuildingB_Floor1,TypeA
1076,2025-04-24 07:16:56,16.68,79.32,BuildingA_Floor2,TypeA
1007,2025-04-21 14:33:20,16.76,52.85,BuildingA_Floor1,TypeA
1051,2025-04-21 04:28:44,19.4,59.61,BuildingB_Floor1,TypeB
1054,2025-04-24 10:41:24,30.71,65.23,BuildingB_Floor2,TypeA
1042,2025-04-21 23:23:22,26.45,50.98,BuildingA_Floor2,TypeA
1091,2025-04-21 14:37:09,15.67,59.56,BuildingB_Floor2,TypeB
1060,2025-04-21 23:35:45,26.0,44.92,BuildingB_Floor2,TypeB
1057,2025-04-24 09:51:31,15.34,38.16,BuildingA_Floor2,TypeA
1074,2025-04-23 06:03:49,21.19,51.1,BuildingB_Floor1,TypeB
1040,2025-04-24 18:26:24,27.43,60.42,BuildingA_Floor2,TypeB
1041,2025-04-25 16:16:06,25.11,39.39,BuildingA_Floor2,TypeC
1090,2025-04-24 05:56:27,29.22,39.15,BuildingB_Floor1,TypeA
1051,2025-04-25 20:50:14,24.69,37.28,BuildingA_Floor1,TypeA
1074,2025-04-24 00:49:21,34.49,50.82,BuildingA_Floor1,TypeB
1091,2025-04-23 03:04:45,34.43,67.89,BuildingA_Floor2,TypeA
1017,2025-04-25 09:26:17,32.43,51.84,BuildingA_Floor2,TypeC
1028,2025-04-23 02:00:47,25.67,78.13,BuildingB_Floor1,TypeB
1008,2025-04-21 14:31:49,20.46,58.89,BuildingA_Floor1,TypeC
1067,2025-04-25 05:31:18,16.82,65.38,BuildingB_Floor2,TypeB
1068,2025-04-21 13:20:25,23.56,31.97,BuildingA_Floor2,TypeB
1059,2025-04-22 12:39:42,34.8,79.46,BuildingA_Floor1,TypeB
1082,2025-04-24 19:27:02,33.4,47.26,BuildingA_Floor1,TypeA
1027,2025-04-22 17:11:01,18.67,70.77,BuildingA_Floor2,TypeA
1054,2025-04-25 21:58:20,29.19,59.91,BuildingB_Floor2,TypeA
1059,2025-04-22 07:56:38,31.98,35.0,BuildingB_Floor1,TypeC
1097,2025-04-23 17:06:53,18.05,67.66,BuildingA_Floor2,TypeB
1059,2025-04-24 07:56:34,18.64,66.78,BuildingA_Floor1,TypeC
1060,2025-04-23 17:40:19,22.04,47.54,BuildingB_Floor2,TypeB
1069,2025-04-25 08:52:27,24.6,67.09,BuildingB_Floor2,TypeB
1043,2025-04-24 12:25:28,27.62,69.33,BuildingB_Floor1,TypeC
1008,2025-04-21 12:43:49,18.39,79.18,BuildingB_Floor1,TypeB
1005,2025-04-24 00:28:45,26.24,69.94,BuildingB_Floor2,TypeC
1087,2025-04-24 22:52:58,27.43,48.21,BuildingA_Floor1,TypeC
1024,2025-04-25 06:12:23,23.95,77.42,BuildingA_Floor1,TypeA
1030,2025-04-25 16:42:11,32.06,64.69,BuildingB_Floor1,TypeC
1100,2025-04-25 23:21:29,25.86,37.44,BuildingB_Floor1,TypeB
1065,2025-04-25 18:57:33,22.48,74.32,BuildingA_Floor1,TypeB
1009,2025-04-23 20:23:23,17.48,32.07,BuildingA_Floor1,TypeC
1050,2025-04-21 04:13:58,33.56,50.98,BuildingB_Floor2,TypeB
1012,2025-04-25 19:02:16,32.83,34.69,BuildingA_Floor1,TypeA
1057,2025-04-22 12:31:45,24.01,36.33,BuildingB_Floor1,TypeA
1049,2025-04-23 17:05:37,19.77,39.95,BuildingB_Floor2,TypeB
1003,2025-04-21 02:05:27,26.3,38.0,BuildingB_Floor2,TypeA
1099,2025-04-26 00:08:08,19.22,38.48,BuildingB_Floor1,TypeA
1080,2025-04-21 08:31:57,32.78,64.2,BuildingA_Floor1,TypeC
1080,2025-04-24 20:32:44,30.76,62.95,BuildingB_Floor2,TypeC
1051,2025-04-23 14:59:38,28.81,47.82,BuildingA_Floor2,TypeA
1056,2025-04-26 01:29:01,19.7,66.62,BuildingB_Floor2,TypeB
1096,2025-04-23 17:22:37,34.94,71.48,BuildingB_Floor1,TypeC
1017,2025-04-23 16:48:45,33.04,77.1,BuildingB_Floor2,TypeB
1059,2025-04-22 18:55:04,24.81,48.48,BuildingB_Floor2,TypeA
1047,2025-04-25 07:08:11,22.55,34.68,BuildingB_Floor2,TypeA
1082,2025-04-22 07:55:40,15.29,65.03,BuildingB_Floor2,TypeA
1098,2025-04-24 02:56:07,33.36,69.21,BuildingB_Floor1,TypeB
1008,2025-04-23 21:54:07,34.16,52.16,BuildingA_Floor1,TypeB
1099,2025-04-21 15:40:06,26.52,38.05,BuildingB_Floor1,TypeC
1058,2025-04-21 06:27:56,18.58,36.73,BuildingA_Floor1,TypeB
1006,2025-04-24 02:33:58,27.52,41.83,BuildingB_Floor1,TypeB
1056,2025-04-25 00:10:36,17.92,47.78,BuildingB_Floor2,TypeB
1043,2025-04-23 03:54:17,24.86,57.26,BuildingB_Floor1,TypeC
1007,2025-04-22 03:06:08,24.85,79.77,BuildingA_Floor1,TypeA
1037,2025-04-21 20:33:40,23.1,35.46,BuildingB_Floor2,TypeC
1074,2025-04-22 17:44:42,21.8,73.54,BuildingA_Floor2,TypeA
1012,2025-04-23 04:12:33,22.44,54.47,BuildingA_Floor1,TypeA
1076,2025-04-25 00:25:33,15.49,64.84,BuildingA_Floor2,TypeB
1018,2025-04-25 09:04:53,26.51,47.18,BuildingB_Floor1,TypeC
1062,2025-04-25 17:21:58,17.14,58.77,BuildingA_Floor1,TypeA
1002,2025-04-24 09:09:30,22.88,60.98,BuildingA_Floor2,TypeA
1040,2025-04-24 14:37:43,23.71,55.79,BuildingB_Floor2,TypeB
1002,2025-04-23 02:01:11,25.32,57.02,BuildingB_Floor2,TypeC
1001,2025-04-23 03:35:32,34.21,68.46,BuildingA_Floor1,TypeB
1066,2025-04-21 10:54:30,23.62,48.91,BuildingB_Floor2,TypeA
1065,2025-04-23 17:23:07,17.58,50.34,BuildingB_Floor1,TypeC
1042,2025-04-22 12:02:07,28.86,49.61,BuildingA_Floor1,TypeB
1040,2025-04-22 09:16:09,27.57,60.3,BuildingA_Floor2,TypeB
1080,2025-04-21 20:48:05,22.46,37.99,BuildingA_Floor2,TypeA
1047,2025-04-23 08:29:30,29.52,31.13,BuildingB_Floor1,TypeC
1047,2025-04-23 08:22:10,20.24,68.81,BuildingB_Floor2,TypeC
1014,2025-04-24 07:06:23,34.59,69.25,BuildingB_Floor2,TypeB
1073,2025-04-24 01:15:59,28.43,39.33,BuildingB_Floor1,TypeA
1011,2025-04-25 14:56:34,15.44,31.43,BuildingB_Floor2,TypeA
1082,2025-04-24 11:28:34,27.2,44.03,BuildingB_Floor2,TypeC
1068,2025-04-23 01:17:49,30.47,67.98,BuildingB_Floor1,TypeA
1035,2025-04-24 13:02:06,21.64,46.1,BuildingA_Floor2,TypeA
1092,2025-04-25 06:27:33,25.02,48.71,BuildingA_Floor1,TypeC
1100,2025-04-21 09:28:44,31.84,47.78,BuildingA_Floor1,TypeC
1030,2025-04-25 10:45:55,29.55,54.71,BuildingB_Floor2,TypeB
1055,2025-04-25 18:50:37,30.57,51.23,BuildingA_Floor2,TypeA
1010,2025-04-21 22:13:31,30.87,44.24,BuildingB_Floor1,TypeA
1076,2025-04-24 15:53:27,22.41,74.02,BuildingA_Floor1,TypeB
1074,2025-04-23 04:30:42,27.39,67.74,BuildingB_Floor2,TypeC
1010,2025-04-23 10:18:46,24.88,43.93,BuildingB_Floor1,TypeB
1071,2025-04-23 10:06:02,16.41,37.87,BuildingB_Floor2,TypeA
1066,2025-04-24 18:30:10,19.93,69.16,BuildingB_Floor2,TypeA
1005,2025-04-24 20:23:11,18.93,55.3,BuildingA_Floor2,TypeC
1040,2025-04-25 19:36:46,30.88,64.51,BuildingA_Floor1,TypeC
1085,2025-04-24 10:10:42,23.92,54.35,BuildingB_Floor2,TypeB
1061,2025-04-21 10:08:08,30.22,72.5,BuildingB_Floor2,TypeC
1075,2025-04-24 09:49:08,26.01,56.61,BuildingA_Floor1,TypeC
1047,2025-04-26 01:26:21,21.48,34.72,BuildingB_Floor2,TypeA
1054,2025-04-23 16:32:08,24.52,43.54,BuildingA_Floor1,TypeB
1092,2025-04-22 22:18:52,29.76,72.3,BuildingB_Floor1,TypeA
1066,2025-04-21 01:53:58,27.01,33.65,BuildingA_Floor2,TypeB
1067,2025-04-21 23:17:54,34.01,30.16,BuildingB_Floor1,TypeA
1077,2025-04-22 03:04:19,29.71,60.56,BuildingB_Floor1,TypeB
1004,2025-04-24 02:23:22,16.73,79.44,BuildingB_Floor1,TypeC
1064,2025-04-21 08:19:36,29.97,53.15,BuildingA_Floor1,TypeC
1069,2025-04-24 03:53:28,18.18,58.97,BuildingB_Floor2,TypeA
1055,2025-04-24 19:06:19,20.08,70.32,BuildingA_Floor1,TypeC
1008,2025-04-21 22:33:36,30.98,77.89,BuildingA_Floor1,TypeC
1073,2025-04-22 12:59:25,25.98,39.91,BuildingB_Floor1,TypeB
1092,2025-04-24 15:28:11,17.02,60.09,BuildingB_Floor2,TypeB
1063,2025-04-25 15:21:08,21.36,78.31,BuildingB_Floor2,TypeC
1045,2025-04-24 09:49:35,15.94,66.01,BuildingB_Floor1,TypeA
1018,2025-04-22 11:28:56,19.42,70.79,BuildingB_Floor1,TypeC
1056,2025-04-22 15:41:37,18.61,34.34,BuildingA_Floor1,TypeA
1084,2025-04-25 04:33:27,25.81,62.39,BuildingA_Floor1,TypeB
1049,2025-04-24 06:52:12,34.68,50.19,BuildingB_Floor1,TypeB
1039,2025-04-24 17:35:45,26.36,38.82,BuildingB_Floor2,TypeA
1074,2025-04-23 22:06:22,18.52,37.79,BuildingA_Floor1,TypeA
1082,2025-04-22 13:32:16,20.39,52.88,BuildingB_Floor2,TypeA
1073,2025-04-23 02:35:00,15.11,65.87,BuildingA_Floor1,TypeA
1032,2025-04-21 23:41:26,31.34,32.19,BuildingB_Floor2,TypeA
1030,2025-04-23 07:14:50,23.75,59.9,BuildingB_Floor2,TypeC
1010,2025-04-24 16:09:06,20.11,35.71,BuildingB_Floor1,TypeB
1032,2025-04-23 23:40:54,20.73,50.81,BuildingA_Floor2,TypeC
1024,2025-04-22 18:14:17,18.19,56.98,BuildingB_Floor1,TypeA
1100,2025-04-22 22:58:06,25.59,45.4,BuildingA_Floor1,TypeA
1100,2025-04-25 19:30:23,18.61,68.87,BuildingA_Floor2,TypeC
1083,2025-04-22 15:58:57,30.99,57.39,BuildingA_Floor2,TypeC
1069,2025-04-22 16:58:24,20.12,54.42,BuildingB_Floor2,TypeC
1009,2025-04-21 05:24:37,34.76,43.39,BuildingB_Floor2,TypeB
1030,2025-04-24 14:06:15,32.96,46.42,BuildingB_Floor2,TypeA
1048,2025-04-25 11:39:55,27.96,32.15,BuildingB_Floor2,TypeC
1054,2025-04-21 02:31:14,26.42,61.21,BuildingB_Floor1,TypeB
1052,2025-04-24 06:08:07,25.47,50.28,BuildingB_Floor1,TypeB
1029,2025-04-25 09:52:41,18.85,52.23,BuildingB_Floor1,TypeC
1068,2025-04-23 09:02:34,25.75,71.0,BuildingB_Floor2,TypeA
1053,2025-04-25 16:43:03,33.1,66.83,BuildingA_Floor1,TypeC
1035,2025-04-23 05:47:31,17.17,64.04,BuildingB_Floor2,TypeA
1007,2025-04-23 08:13:04,34.73,50.8,BuildingA_Floor2,TypeC
1048,2025-04-23 01:49:55,19.15,73.88,BuildingB_Floor2,TypeB
1053,2025-04-23 13:30:24,19.76,49.79,BuildingB_Floor2,TypeB
1017,2025-04-23 22:56:08,28.08,62.09,BuildingB_Floor1,TypeC
1011,2025-04-25 08:27:29,15.98,56.95,BuildingB_Floor2,TypeC
1099,2025-04-22 03:20:30,17.75,74.23,BuildingB_Floor1,TypeB
1043,2025-04-24 22:23:50,32.66,34.98,BuildingA_Floor2,TypeA
1035,2025-04-24 05:55:13,19.43,36.08,BuildingB_Floor1,TypeA
1097,2025-04-24 03:14:52,25.31,51.53,BuildingA_Floor2,TypeC
1010,2025-04-24 16:43:29,15.1,32.67,BuildingB_Floor1,TypeB
1093,2025-04-21 11:31:28,28.52,79.65,BuildingA_Floor1,TypeA
1010,2025-04-25 16:45:45,32.7,50.59,BuildingA_Floor1,TypeC
1004,2025-04-25 00:13:50,32.96,58.72,BuildingB_Floor2,TypeA
1031,2025-04-22 19:42:57,32.18,62.04,BuildingB_Floor2,TypeC
1005,2025-04-23 07:06:17,28.42,78.14,BuildingA_Floor2,TypeA
1037,2025-04-23 17:56:53,20.69,50.46,BuildingA_Floor2,TypeB
1016,2025-04-25 13:38:25,16.02,57.77,BuildingB_Floor2,TypeB
1028,2025-04-23 21:04:24,30.19,68.81,BuildingA_Floor2,TypeC
1041,2025-04-24 11:57:50,24.71,73.67,BuildingA_Floor2,TypeA
1042,2025-04-24 01:28:14,29.87,45.26,BuildingB_Floor2,TypeA
1052,2025-04-25 16:01:03,22.64,60.75,BuildingB_Floor2,TypeC
1009,2025-04-25 15:53:43,30.93,63.67,BuildingA_Floor1,TypeA
1096,2025-04-24 03:15:15,30.18,36.93,BuildingB_Floor1,TypeB
1005,2025-04-23 14:10:38,29.98,63.99,BuildingB_Floor1,TypeA
1096,2025-04-24 12:44:53,27.81,54.5,BuildingB_Floor1,TypeA
1043,2025-04-21 07:16:39,20.26,57.0,BuildingA_Floor2,TypeA
1054,2025-04-23 07:33:47,30.87,44.24,BuildingA_Floor2,TypeA
1053,2025-04-24 01:53:24,30.41,49.46,BuildingB_Floor1,TypeA
1008,2025-04-21 07:47:01,21.11,57.6,BuildingA_Floor1,TypeC
1086,2025-04-22 07:37:06,21.01,47.43,BuildingB_Floor2,TypeB
1093,2025-04-24 02:41:35,20.04,43.46,BuildingB_Floor1,TypeB
1045,2025-04-22 19:58:55,19.84,30.02,BuildingB_Floor1,TypeB
1066,2025-04-25 21:16:53,29.26,35.13,BuildingA_Floor1,TypeB
1033,2025-04-25 03:05:11,17.28,54.86,BuildingB_Floor2,TypeB
1007,2025-04-23 15:05:55,32.2,74.33,BuildingA_Floor2,TypeA
1100,2025-04-24 15:49:57,23.89,63.44,BuildingB_Floor1,TypeC
1058,2025-04-23 10:37:01,15.87,58.02,BuildingB_Floor1,TypeA
1046,2025-04-22 04:56:46,31.8,31.44,BuildingA_Floor1,TypeB
1023,2025-04-25 06:53:25,19.74,32.12,BuildingB_Floor1,TypeA
1048,2025-04-25 09:29:47,21.43,67.32,BuildingB_Floor2,TypeC
1031,2025-04-25 22:48:52,18.54,40.79,BuildingB_Floor1,TypeC
1020,2025-04-23 15:30:03,31.61,41.76,BuildingB_Floor2,TypeA
1079,2025-04-23 11:21:40,34.71,47.84,BuildingB_Floor1,TypeA
1033,2025-04-25 12:48:28,30.05,59.59,BuildingB_Floor2,TypeB
1092,2025-04-25 15:32:53,22.61,52.72,BuildingA_Floor1,TypeC
1015,2025-04-23 08:38:46,27.11,30.08,BuildingB_Floor1,TypeC
1028,2025-04-24 01:36:58,15.77,38.99,BuildingA_Floor1,TypeC
1016,2025-04-24 11:18:22,15.07,72.38,BuildingA_Floor2,TypeA
1041,2025-04-21 07:05:25,22.24,67.57,BuildingA_Floor1,TypeA
1069,2025-04-24 21:27:13,34.09,70.64,BuildingB_Floor1,TypeA
1062,2025-04-26 00:08:58,26.53,45.34,BuildingA_Floor1,TypeC
1077,2025-04-22 19:35:43,26.14,47.03,BuildingA_Floor1,TypeA
1062,2025-04-22 07:36:34,24.86,33.0,BuildingB_Floor2,TypeB
1055,2025-04-25 19:07:02,21.66,48.42,BuildingB_Floor1,TypeA
1048,2025-04-23 06:44:08,22.21,76.83,BuildingA_Floor2,TypeB
1066,2025-04-25 00:08:59,28.06,72.9,BuildingA_Floor1,TypeB
1041,2025-04-22 04:16:07,32.49,66.32,BuildingB_Floor2,TypeC
1085,2025-04-23 10:40:26,27.81,43.62,BuildingB_Floor1,TypeC
1032,2025-04-24 07:34:36,28.09,40.14,BuildingB_Floor2,TypeC
1017,2025-04-23 11:12:57,15.31,52.73,BuildingA_Floor1,TypeA
1044,2025-04-23 22:50:37,16.45,39.01,BuildingA_Floor2,TypeA
1020,2025-04-24 04:59:33,26.85,59.02,BuildingA_Floor1,TypeB
1044,2025-04-23 23:51:35,20.32,68.19,BuildingA_Floor1,TypeC
1089,2025-04-25 01:02:39,31.27,61.54,BuildingA_Floor1,TypeC
1090,2025-04-21 06:51:35,29.35,57.75,BuildingA_Floor1,TypeC
1020,2025-04-26 01:32:11,24.57,62.28,BuildingA_Floor1,TypeB
1086,2025-04-24 13:14:43,27.64,54.27,BuildingA_Floor1,TypeA
1067,2025-04-24 00:03:43,32.23,43.01,BuildingB_Floor1,TypeB
1012,2025-04-21 10:33:13,24.07,67.91,BuildingA_Floor1,TypeB
1090,2025-04-24 14:43:41,30.56,61.0,BuildingB_Floor1,TypeB
1069,2025-04-24 16:58:39,18.82,62.46,BuildingA_Floor2,TypeA
1030,2025-04-25 01:17:07,19.47,68.63,BuildingA_Floor1,TypeC
1025,2025-04-25 03:03:06,20.55,36.18,BuildingB_Floor1,TypeA
1085,2025-04-25 02:34:50,23.37,77.64,BuildingB_Floor1,TypeB
1020,2025-04-21 23:19:19,27.87,44.05,BuildingA_Floor2,TypeA
1069,2025-04-21 19:04:32,21.68,52.95,BuildingA_Floor1,TypeC
1005,2025-04-24 10:46:10,33.97,31.72,BuildingB_Floor1,TypeC
1012,2025-04-24 03:42:06,16.19,70.6,BuildingB_Floor2,TypeA
1075,2025-04-24 11:32:10,15.06,73.98,BuildingB_Floor2,TypeA
1011,2025-04-25 19:26:23,17.7,53.69,BuildingA_Floor1,TypeC
1090,2025-04-22 22:54:24,30.0,30.5,BuildingB_Floor2,TypeC
1055,2025-04-26 01:31:13,21.71,50.82,BuildingA_Floor1,TypeA
1070,2025-04-24 08:51:08,25.63,58.04,BuildingA_Floor1,TypeC
1031,2025-04-22 05:47:16,23.69,47.44,BuildingB_Floor2,TypeB
1098,2025-04-22 12:45:48,18.41,43.75,BuildingB_Floor1,TypeA
1078,2025-04-22 01:25:38,32.69,41.71,BuildingB_Floor2,TypeB
1057,2025-04-21 23:47:06,17.67,44.61,BuildingB_Floor2,TypeA
1051,2025-04-25 16:44:01,33.36,59.77,BuildingB_Floor2,TypeA
1013,2025-04-21 17:30:04,16.34,63.74,BuildingA_Floor2,TypeB
1002,2025-04-21 16:52:36,31.9,39.24,BuildingA_Floor1,TypeA
1055,2025-04-22 01:58:51,33.77,41.74,BuildingA_Floor1,TypeC
1017,2025-04-23 17:09:21,31.96,37.01,BuildingA_Floor2,TypeC
1081,2025-04-22 20:50:12,17.59,61.48,BuildingB_Floor1,TypeA
1060,2025-04-25 04:13:45,19.46,79.16,BuildingB_Floor1,TypeC
1056,2025-04-23 00:56:36,19.83,30.94,BuildingA_Floor1,TypeC
1036,2025-04-22 03:05:19,18.04,63.39,BuildingB_Floor1,TypeA
1067,2025-04-23 21:40:22,33.55,33.22,BuildingA_Floor2,TypeC
1071,2025-04-21 11:54:40,21.22,51.95,BuildingB_Floor1,TypeC
1053,2025-04-24 16:34:06,16.05,74.24,BuildingB_Floor2,TypeB
1081,2025-04-24 18:48:33,34.44,67.3,BuildingB_Floor2,TypeB
1017,2025-04-25 10:10:17,15.91,34.25,BuildingB_Floor1,TypeB
1005,2025-04-25 21:54:45,29.19,48.81,BuildingB_Floor2,TypeB
1060,2025-04-24 21:35:04,19.4,41.49,BuildingB_Floor2,TypeB
1037,2025-04-22 19:37:48,18.69,42.46,BuildingB_Floor2,TypeA
1089,2025-04-24 19:36:39,28.52,68.71,BuildingB_Floor2,TypeA
1082,2025-04-24 12:38:14,24.36,63.93,BuildingA_Floor1,TypeC
1037,2025-04-22 10:10:08,29.49,68.72,BuildingA_Floor1,TypeB
1095,2025-04-21 22:35:35,16.9,60.58,BuildingA_Floor2,TypeC
1037,2025-04-25 11:45:39,26.44,54.66,BuildingB_Floor1,TypeB
1051,2025-04-25 07:51:22,30.38,77.53,BuildingA_Floor2,TypeC
1006,2025-04-22 06:33:25,25.78,42.29,BuildingA_Floor1,TypeB
1051,2025-04-22 04:20:44,22.3,65.43,BuildingA_Floor1,TypeC
1015,2025-04-21 08:30:25,33.3,31.94,BuildingA_Floor1,TypeC
1031,2025-04-23 09:24:28,18.11,71.0,BuildingB_Floor2,TypeA
1038,2025-04-23 20:16:54,22.99,45.96,BuildingA_Floor1,TypeC
1087,2025-04-23 16:27:02,24.28,72.24,BuildingB_Floor1,TypeB
1033,2025-04-22 13:47:53,25.07,43.14,BuildingB_Floor1,TypeB
1022,2025-04-24 14:34:43,23.83,62.23,BuildingA_Floor1,TypeB
1049,2025-04-22 10:45:14,26.05,61.48,BuildingA_Floor2,TypeB
1042,2025-04-23 18:10:54,31.91,31.28,BuildingA_Floor2,TypeC
1067,2025-04-24 15:52:44,20.11,70.71,BuildingA_Floor2,TypeC
1099,2025-04-22 09:35:30,20.59,64.97,BuildingA_Floor1,TypeC
1065,2025-04-25 06:01:52,29.17,63.05,BuildingA_Floor2,TypeB
1093,2025-04-23 12:13:39,19.93,55.99,BuildingB_Floor2,TypeB
1070,2025-04-25 16:27:45,28.3,63.77,BuildingA_Floor1,TypeC
1043,2025-04-25 05:30:36,24.02,48.1,BuildingA_Floor2,TypeB
1095,2025-04-25 22:39:13,15.36,33.24,BuildingA_Floor1,TypeB
1086,2025-04-25 23:47:11,26.26,71.83,BuildingA_Floor1,TypeC
1012,2025-04-25 08:08:42,26.66,54.86,BuildingA_Floor1,TypeC
1078,2025-04-21 13:27:06,17.6,38.05,BuildingA_Floor2,TypeA
1024,2025-04-23 04:53:02,20.92,38.81,BuildingB_Floor1,TypeA
1044,2025-04-23 15:27:00,21.35,35.21,BuildingB_Floor1,TypeA
1033,2025-04-22 04:15:14,16.0,66.98,BuildingB_Floor2,TypeC
1024,2025-04-23 17:35:36,15.0,63.48,BuildingA_Floor1,TypeC
1017,2025-04-23 13:20:57,25.32,37.73,BuildingA_Floor2,TypeC
1054,2025-04-22 09:12:30,21.85,73.3,BuildingB_Floor2,TypeA
1020,2025-04-23 21:31:46,20.14,52.78,BuildingA_Floor1,TypeB
1042,2025-04-21 20:23:38,32.74,52.66,BuildingA_Floor2,TypeB
1084,2025-04-22 11:26:57,33.01,54.07,BuildingB_Floor2,TypeB
1080,2025-04-25 13:29:25,15.62,69.38,BuildingA_Floor1,TypeB
1058,2025-04-24 04:03:21,28.29,55.65,BuildingB_Floor1,TypeA
1078,2025-04-23 01:10:00,21.42,48.64,BuildingB_Floor1,TypeC
1001,2025-04-24 19:51:31,20.32,53.08,BuildingB_Floor2,TypeB
1059,2025-04-25 17:05:56,28.44,56.17,BuildingB_Floor2,TypeB
1075,2025-04-21 18:09:03,24.19,59.92,BuildingB_Floor2,TypeB
1088,2025-04-21 20:07:51,27.74,36.82,BuildingB_Floor1,TypeB
1022,2025-04-22 10:56:02,31.55,43.86,BuildingA_Floor1,TypeA
1068,2025-04-24 10:28:51,25.57,79.24,BuildingA_Floor1,TypeA
1033,2025-04-21 12:29:42,30.78,41.62,BuildingB_Floor2,TypeC
1077,2025-04-21 05:15:48,31.05,32.18,BuildingA_Floor1,TypeB
1070,2025-04-22 11:22:10,32.07,53.23,BuildingB_Floor2,TypeC
1065,2025-04-25 02:30:58,17.97,56.8,BuildingB_Floor2,TypeB
1060,2025-04-22 15:33:59,27.85,45.4,BuildingB_Floor1,TypeC
1064,2025-04-25 05:03:39,22.3,68.89,BuildingA_Floor1,TypeB
1094,2025-04-23 09:59:38,23.62,57.11,BuildingB_Floor2,TypeB
1084,2025-04-25 00:57:43,27.89,47.17,BuildingA_Floor2,TypeC
1092,2025-04-21 14:40:58,25.77,70.74,BuildingA_Floor2,TypeB
1031,2025-04-25 22:41:37,27.95,38.61,BuildingA_Floor2,TypeA
1010,2025-04-23 04:57:48,32.76,45.76,BuildingB_Floor2,TypeC
1054,2025-04-24 08:45:51,33.6,57.38,BuildingA_Floor2,TypeC
1029,2025-04-23 21:53:07,31.4,30.37,BuildingB_Floor1,TypeB
1008,2025-04-23 18:31:12,29.5,48.24,BuildingB_Floor1,TypeC
1097,2025-04-25 18:30:38,17.81,56.2,BuildingB_Floor1,TypeA
1006,2025-04-21 10:47:29,16.38,44.13,BuildingA_Floor2,TypeC
1061,2025-04-21 17:35:39,33.33,68.91,BuildingB_Floor1,TypeB
1033,2025-04-24 23:26:34,31.39,48.75,BuildingA_Floor1,TypeC
1092,2025-04-23 10:02:23,33.8,75.88,BuildingA_Floor1,TypeB
1093,2025-04-23 17:25:52,21.6,53.81,BuildingA_Floor2,TypeB
1032,2025-04-21 15:59:31,23.09,30.44,BuildingA_Floor2,TypeA
1077,2025-04-21 05:25:08,16.7,53.44,BuildingA_Floor2,TypeA
1092,2025-04-23 00:47:43,25.05,70.43,BuildingB_Floor1,TypeB
1039,2025-04-24 17:49:40,15.32,44.89,BuildingA_Floor2,TypeA
1087,2025-04-24 12:58:41,28.66,48.32,BuildingB_Floor2,TypeA
1092,2025-04-23 16:57:24,26.99,66.77,BuildingB_Floor2,TypeA
1015,2025-04-21 06:56:05,31.55,79.03,BuildingA_Floor1,TypeB
1095,2025-04-24 04:32:19,28.14,57.72,BuildingA_Floor1,TypeA
1066,2025-04-21 15:03:47,17.07,57.86,BuildingB_Floor1,TypeA
1075,2025-04-23 14:16:18,22.74,30.8,BuildingA_Floor2,TypeA
1038,2025-04-24 16:57:05,18.62,65.69,BuildingB_Floor2,TypeB
1098,2025-04-26 00:25:27,19.31,47.71,BuildingA_Floor2,TypeC
1049,2025-04-25 08:54:17,23.93,78.28,BuildingB_Floor1,TypeB
1064,2025-04-25 23:48:59,24.32,56.19,BuildingB_Floor2,TypeA
1052,2025-04-24 09:30:35,24.78,70.47,BuildingB_Floor1,TypeB
1026,2025-04-21 13:53:23,17.55,73.9,BuildingB_Floor2,TypeA
1042,2025-04-21 03:15:40,18.45,62.75,BuildingA_Floor2,TypeA
1059,2025-04-24 02:05:44,17.01,73.06,BuildingB_Floor1,TypeB
1087,2025-04-24 23:55:02,18.55,42.45,BuildingB_Floor1,TypeB
1069,2025-04-23 01:48:30,30.18,79.5,BuildingB_Floor2,TypeC
1033,2025-04-23 16:49:35,33.35,74.57,BuildingA_Floor2,TypeC
1065,2025-04-23 06:42:20,15.62,35.06,BuildingB_Floor1,TypeC
1042,2025-04-22 12:48:23,25.44,75.35,BuildingA_Floor2,TypeA
1039,2025-04-23 14:33:39,16.99,72.85,BuildingB_Floor1,TypeC
1097,2025-04-24 16:38:26,30.8,44.67,BuildingA_Floor2,TypeC
1005,2025-04-22 21:39:53,17.79,50.68,BuildingA_Floor1,TypeB
1048,2025-04-22 16:22:29,16.55,38.78,BuildingB_Floor1,TypeB
1049,2025-04-22 07:19:35,25.69,48.16,BuildingB_Floor2,TypeB
1041,2025-04-24 11:50:11,16.84,54.64,BuildingB_Floor1,TypeA
1072,2025-04-23 01:30:01,16.04,45.77,BuildingB_Floor1,TypeA
1076,2025-04-21 23:28:22,19.37,42.22,BuildingB_Floor2,TypeB
1019,2025-04-25 18:18:52,27.96,73.34,BuildingA_Floor2,TypeC
1030,2025-04-24 21:06:58,33.59,66.99,BuildingA_Floor2,TypeB
1073,2025-04-25 03:06:21,28.88,62.63,BuildingA_Floor1,TypeA
1056,2025-04-24 02:02:00,27.05,46.53,BuildingB_Floor1,TypeA
1073,2025-04-25 07:46:50,17.07,49.2,BuildingA_Floor2,TypeB
1061,2025-04-25 01:39:04,22.91,57.51,BuildingB_Floor2,TypeB
1006,2025-04-24 05:38:29,23.04,51.0,BuildingB_Floor2,TypeB
1022,2025-04-22 09:58:18,15.75,62.68,BuildingA_Floor2,TypeA
1050,2025-04-23 14:57:10,19.35,42.66,BuildingB_Floor2,TypeA
1084,2025-04-21 09:48:52,20.16,58.45,BuildingB_Floor1,TypeA
1096,2025-04-22 03:02:43,21.92,76.11,BuildingB_Floor2,TypeC
1081,2025-04-24 14:52:14,27.68,44.55,BuildingA_Floor2,TypeC
1017,2025-04-23 23:42:41,27.55,54.81,BuildingB_Floor1,TypeB
1090,2025-04-25 18:37:06,30.58,43.76,BuildingA_Floor2,TypeA
1082,2025-04-25 07:13:38,18.45,30.33,BuildingA_Floor1,TypeA
1086,2025-04-21 20:43:04,33.12,37.98,BuildingB_Floor2,TypeB
1023,2025-04-25 05:41:23,20.75,57.33,BuildingB_Floor2,TypeC
1040,2025-04-21 06:21:18,28.14,46.08,BuildingB_Floor1,TypeA
1043,2025-04-22 01:31:06,20.32,44.43,BuildingA_Floor2,TypeB
1032,2025-04-21 07:04:04,28.76,39.23,BuildingB_Floor1,TypeC
1052,2025-04-25 01:58:04,32.1,79.76,BuildingB_Floor2,TypeA
1018,2025-04-25 22:12:52,34.67,62.41,BuildingA_Floor1,TypeB
1060,2025-04-22 12:25:03,15.16,61.72,BuildingA_Floor1,TypeA
1095,2025-04-23 23:51:58,34.71,48.05,BuildingB_Floor1,TypeC
1055,2025-04-26 00:50:39,28.0,69.91,BuildingB_Floor1,TypeB
1063,2025-04-23 20:23:36,24.91,71.36,BuildingA_Floor2,TypeB
1100,2025-04-24 06:21:57,22.52,46.27,BuildingB_Floor1,TypeC
1038,2025-04-21 05:07:38,24.04,40.15,BuildingA_Floor2,TypeA
1036,2025-04-21 12:52:27,29.8,75.95,BuildingA_Floor2,TypeC
1082,2025-04-25 11:11:59,29.36,78.5,BuildingB_Floor2,TypeB
1009,2025-04-22 13:28:20,34.62,36.63,BuildingB_Floor2,TypeA
1009,2025-04-23 00:45:11,24.86,77.6,BuildingB_Floor2,TypeA
1008,2025-04-25 01:32:29,20.81,37.18,BuildingB_Floor1,TypeC
1071,2025-04-22 00:03:43,21.98,59.89,BuildingA_Floor1,TypeB
1066,2025-04-25 18:56:29,28.92,36.05,BuildingA_Floor1,TypeA
1025,2025-04-21 19:46:59,23.83,75.42,BuildingA_Floor1,TypeA
1079,2025-04-22 02:04:41,28.58,44.69,BuildingB_Floor2,TypeB
1097,2025-04-24 19:43:06,15.2,62.22,BuildingB_Floor2,TypeC
1084,2025-04-23 17:40:29,21.91,65.56,BuildingA_Floor2,TypeB
1046,2025-04-25 06:06:01,25.56,56.16,BuildingA_Floor1,TypeB
1081,2025-04-25 10:26:43,33.51,66.54,BuildingA_Floor2,TypeB
1094,2025-04-21 15:32:09,29.41,75.08,BuildingA_Floor2,TypeC
1067,2025-04-24 11:03:45,27.38,63.96,BuildingB_Floor1,TypeB
1038,2025-04-24 12:56:39,24.58,53.08,BuildingB_Floor1,TypeB
1093,2025-04-21 07:11:36,15.84,56.55,BuildingA_Floor1,TypeC
1014,2025-04-21 18:33:44,32.04,31.61,BuildingB_Floor1,TypeB
1013,2025-04-22 17:47:25,16.73,78.97,BuildingA_Floor2,TypeC
1072,2025-04-25 09:59:25,34.33,71.22,BuildingB_Floor2,TypeC
1009,2025-04-21 17:17:19,30.6,48.42,BuildingA_Floor2,TypeB
1019,2025-04-21 16:23:01,31.3,68.4,BuildingA_Floor1,TypeA
1055,2025-04-23 00:58:16,16.54,59.52,BuildingB_Floor2,TypeA
1024,2025-04-21 05:05:07,19.31,48.09,BuildingB_Floor1,TypeB
1077,2025-04-22 12:40:19,15.99,59.35,BuildingB_Floor2,TypeB
1090,2025-04-22 10:05:19,16.85,31.2,BuildingB_Floor2,TypeC
1063,2025-04-22 06:02:31,23.61,47.01,BuildingB_Floor2,TypeA
1057,2025-04-24 18:56:37,20.42,67.48,BuildingA_Floor1,TypeC
1082,2025-04-25 22:20:55,23.82,38.56,BuildingB_Floor1,TypeC
1018,2025-04-22 04:45:35,31.42,46.95,BuildingA_Floor1,TypeB
1077,2025-04-24 09:55:36,26.86,72.78,BuildingB_Floor1,TypeB
1060,2025-04-22 22:34:32,16.06,48.26,BuildingB_Floor2,TypeB
1014,2025-04-21 11:31:12,28.73,59.18,BuildingB_Floor2,TypeB
1043,2025-04-21 05:36:20,24.88,46.61,BuildingA_Floor2,TypeA
1052,2025-04-22 18:14:18,26.26,37.76,BuildingA_Floor2,TypeB
1018,2025-04-22 10:14:25,17.42,68.51,BuildingA_Floor2,TypeB
1074,2025-04-22 14:42:37,17.24,36.23,BuildingA_Floor2,TypeC
1052,2025-04-24 15:22:49,34.54,59.28,BuildingA_Floor1,TypeC
1034,2025-04-23 06:12:24,27.72,35.81,BuildingB_Floor1,TypeB
1022,2025-04-21 21:38:45,16.11,62.81,BuildingA_Floor1,TypeA
1096,2025-04-24 23:13:11,24.39,59.83,BuildingB_Floor2,TypeA
1056,2025-04-23 14:50:29,28.02,34.0,BuildingA_Floor1,TypeA
1039,2025-04-24 14:39:01,22.38,64.96,BuildingB_Floor1,TypeC
1063,2025-04-24 03:56:47,15.93,75.5,BuildingA_Floor2,TypeB
1017,2025-04-23 15:45:51,26.0,39.22,BuildingB_Floor2,TypeC
1033,2025-04-21 02:48:35,34.75,58.72,BuildingB_Floor2,TypeB
1002,2025-04-25 17:54:29,30.83,37.16,BuildingA_Floor2,TypeA
1012,2025-04-23 13:16:11,24.71,36.29,BuildingA_Floor1,TypeB
1094,2025-04-21 15:13:48,29.18,71.97,BuildingA_Floor2,TypeA
1048,2025-04-23 14:24:18,17.65,67.03,BuildingA_Floor2,TypeA
1031,2025-04-22 08:34:16,21.95,73.85,BuildingA_Floor2,TypeC
1056,2025-04-24 08:06:11,26.71,65.24,BuildingA_Floor1,TypeA
1033,2025-04-24 13:57:41,34.1,58.7,BuildingA_Floor1,TypeB
1081,2025-04-22 11:16:19,16.78,53.01,BuildingA_Floor2,TypeA
1034,2025-04-24 00:28:30,23.92,68.48,BuildingB_Floor2,TypeB
1094,2025-04-22 12:00:05,19.38,47.3,BuildingA_Floor1,TypeC
1077,2025-04-24 15:34:58,15.93,40.87,BuildingB_Floor2,TypeC
1084,2025-04-21 08:50:57,28.38,74.09,BuildingB_Floor1,TypeA
1036,2025-04-22 04:13:01,25.96,75.76,BuildingA_Floor1,TypeA
1015,2025-04-22 03:35:47,24.08,69.4,BuildingA_Floor2,TypeB
1015,2025-04-26 01:12:51,16.94,38.68,BuildingA_Floor1,TypeB
1092,2025-04-23 10:30:48,20.53,56.69,BuildingA_Floor1,TypeC
1017,2025-04-22 19:54:29,16.4,34.38,BuildingB_Floor2,TypeC
1011,2025-04-23 10:52:32,30.46,45.89,BuildingB_Floor2,TypeA
1019,2025-04-24 00:57:44,26.62,33.0,BuildingB_Floor1,TypeC
1050,2025-04-24 08:45:28,20.49,53.56,BuildingA_Floor1,TypeA
1086,2025-04-25 23:08:31,28.95,70.22,BuildingB_Floor1,TypeC
1021,2025-04-21 05:05:00,19.51,75.85,BuildingA_Floor2,TypeB
1020,2025-04-22 13:20:04,30.18,54.21,BuildingB_Floor1,TypeB
1067,2025-04-22 19:00:35,20.29,49.83,BuildingA_Floor1,TypeC
1038,2025-04-21 21:42:47,20.09,63.07,BuildingA_Floor2,TypeA
1076,2025-04-23 06:52:40,31.31,38.21,BuildingB_Floor2,TypeC
1027,2025-04-23 08:31:01,25.32,46.64,BuildingA_Floor2,TypeC
1091,2025-04-24 13:14:24,18.19,46.95,BuildingB_Floor2,TypeA
1086,2025-04-22 20:43:21,20.19,30.14,BuildingA_Floor1,TypeA
1086,2025-04-22 05:13:26,18.35,31.21,BuildingA_Floor1,TypeC
1025,2025-04-21 06:43:33,31.27,52.79,BuildingA_Floor2,TypeB
1042,2025-04-25 15:22:35,31.0,67.62,BuildingB_Floor1,TypeB
1065,2025-04-23 22:16:08,18.6,62.59,BuildingA_Floor1,TypeA
1076,2025-04-21 23:03:54,23.7,48.07,BuildingB_Floor2,TypeC
1010,2025-04-23 02:44:51,30.21,35.38,BuildingB_Floor2,TypeB
1087,2025-04-24 07:13:18,15.4,44.18,BuildingA_Floor2,TypeC
1080,2025-04-22 11:28:26,26.19,40.79,BuildingB_Floor2,TypeA
1041,2025-04-25 02:16:06,31.73,50.85,BuildingB_Floor1,TypeC
1058,2025-04-24 09:07:04,30.92,42.58,BuildingB_Floor1,TypeB
1093,2025-04-24 08:20:34,27.1,76.72,BuildingB_Floor2,TypeB
1042,2025-04-25 04:21:58,17.18,45.96,BuildingB_Floor1,TypeB
1009,2025-04-23 10:44:06,32.0,32.69,BuildingB_Floor2,TypeB
1085,2025-04-24 11:30:42,25.66,67.91,BuildingA_Floor1,TypeA
1076,2025-04-24 23:57:27,18.26,39.11,BuildingB_Floor2,TypeA
1018,2025-04-24 06:48:04,19.56,77.05,BuildingA_Floor1,TypeB
1018,2025-04-25 23:34:41,20.91,42.05,BuildingB_Floor2,TypeB
1034,2025-04-24 19:58:36,29.75,50.37,BuildingB_Floor1,TypeC
1006,2025-04-23 08:03:36,16.52,75.01,BuildingA_Floor1,TypeA
1013,2025-04-24 19:59:54,15.94,47.15,BuildingB_Floor2,TypeA
1072,2025-04-24 21:07:20,24.13,60.73,BuildingB_Floor2,TypeC
1075,2025-04-21 20:45:47,27.41,36.62,BuildingB_Floor1,TypeA
1094,2025-04-21 07:24:07,34.81,72.88,BuildingB_Floor1,TypeB
1057,2025-04-24 12:58:00,18.88,66.73,BuildingB_Floor2,TypeC
1086,2025-04-25 06:51:57,29.97,73.62,BuildingB_Floor2,TypeC
1045,2025-04-25 11:09:51,22.24,55.81,BuildingA_Floor2,TypeA
1098,2025-04-25 21:05:24,30.59,51.61,BuildingB_Floor2,TypeB
1061,2025-04-22 07:01:50,15.7,69.72,BuildingB_Floor1,TypeB
1030,2025-04-24 14:54:10,24.42,62.34,BuildingB_Floor1,TypeB
1034,2025-04-24 07:03:27,19.74,35.03,BuildingB_Floor2,TypeB
1068,2025-04-21 14:17:05,15.43,46.79,BuildingB_Floor1,TypeB
1064,2025-04-24 12:51:04,32.18,67.56,BuildingA_Floor2,TypeB
1018,2025-04-23 14:05:33,26.97,59.5,BuildingB_Floor1,TypeA
1098,2025-04-23 22:23:45,23.79,70.75,BuildingB_Floor1,TypeB
1041,2025-04-22 04:25:49,33.36,31.11,BuildingB_Floor1,TypeB
1054,2025-04-22 15:45:39,15.32,72.11,BuildingA_Floor2,TypeB
1001,2025-04-26 00:11:49,19.84,30.52,BuildingA_Floor1,TypeB
1027,2025-04-25 23:40:14,18.1,39.11,BuildingB_Floor1,TypeB
1072,2025-04-25 11:44:37,16.93,51.73,BuildingA_Floor2,TypeB
1030,2025-04-21 14:34:51,18.49,49.7,BuildingB_Floor1,TypeB
1049,2025-04-25 04:17:30,27.7,77.17,BuildingA_Floor1,TypeC
1035,2025-04-25 00:16:59,32.96,67.0,BuildingB_Floor1,TypeB
1071,2025-04-25 00:29:53,32.6,68.51,BuildingB_Floor2,TypeA
1019,2025-04-25 04:53:52,19.63,35.27,BuildingB_Floor1,TypeB
1041,2025-04-23 12:14:40,20.17,56.19,BuildingA_Floor2,TypeC
1049,2025-04-21 16:32:33,33.89,39.29,BuildingA_Floor1,TypeC
1020,2025-04-22 06:13:08,31.84,68.99,BuildingB_Floor1,TypeA
1070,2025-04-21 20:29:26,24.27,61.0,BuildingA_Floor1,TypeC
1064,2025-04-23 17:10:13,25.33,44.25,BuildingA_Floor2,TypeB
1083,2025-04-25 13:18:43,31.33,57.57,BuildingB_Floor1,TypeC
1039,2025-04-21 11:30:05,28.23,68.18,BuildingA_Floor1,TypeC
1029,2025-04-23 10:16:52,15.21,47.06,BuildingB_Floor2,TypeA
1082,2025-04-22 09:22:25,22.35,70.53,BuildingA_Floor2,TypeC
1047,2025-04-24 02:08:24,33.88,64.65,BuildingA_Floor1,TypeA
1012,2025-04-23 19:26:41,21.88,47.44,BuildingB_Floor1,TypeB
1053,2025-04-22 00:00:29,26.99,41.88,BuildingB_Floor2,TypeB
1073,2025-04-25 01:57:28,30.0,41.8,BuildingA_Floor1,TypeA
1095,2025-04-22 02:51:49,21.49,61.38,BuildingB_Floor1,TypeA
1097,2025-04-26 00:53:11,29.81,30.15,BuildingB_Floor1,TypeA
1063,2025-04-21 07:03:43,25.04,70.23,BuildingA_Floor1,TypeB
1010,2025-04-22 03:46:34,28.27,44.41,BuildingA_Floor2,TypeA
1019,2025-04-25 15:36:51,31.63,75.96,BuildingA_Floor1,TypeB
1039,2025-04-24 17:25:24,16.8,40.5,BuildingA_Floor1,TypeA
1071,2025-04-21 07:06:21,25.59,36.57,BuildingB_Floor2,TypeA
1071,2025-04-25 11:22:58,21.52,64.88,BuildingB_Floor2,TypeB
1015,2025-04-21 06:13:23,18.22,30.97,BuildingA_Floor2,TypeA
1085,2025-04-21 11:45:30,18.63,40.74,BuildingA_Floor2,TypeC
1012,2025-04-22 08:41:28,18.75,45.17,BuildingA_Floor2,TypeB
1074,2025-04-21 15:14:50,24.95,30.75,BuildingA_Floor2,TypeB
1074,2025-04-21 04:35:46,28.3,30.83,BuildingA_Floor2,TypeB
1068,2025-04-25 01:49:31,33.48,50.44,BuildingB_Floor1,TypeB
1087,2025-04-23 14:54:07,26.48,63.85,BuildingA_Floor1,TypeC
1093,2025-04-21 04:22:01,15.88,78.88,BuildingB_Floor1,TypeA
1061,2025-04-23 15:16:41,23.42,78.35,BuildingA_Floor1,TypeA
1066,2025-04-21 18:08:10,23.95,72.83,BuildingA_Floor2,TypeB
1092,2025-04-21 22:39:08,34.26,72.2,BuildingB_Floor2,TypeB
1073,2025-04-22 18:14:48,17.47,62.83,BuildingB_Floor1,TypeA
1027,2025-04-21 19:08:26,33.22,60.82,BuildingA_Floor2,TypeB
1054,2025-04-21 09:25:13,29.84,50.4,BuildingA_Floor2,TypeA
1030,2025-04-25 22:30:31,26.94,35.71,BuildingA_Floor2,TypeB
1023,2025-04-24 22:54:56,30.73,36.37,BuildingB_Floor2,TypeA
1041,2025-04-25 07:47:12,31.84,32.26,BuildingB_Floor2,TypeA
1005,2025-04-21 06:22:44,32.07,75.97,BuildingA_Floor2,TypeB
1027,2025-04-24 19:28:22,34.14,65.64,BuildingA_Floor2,TypeB
1036,2025-04-21 22:05:38,21.8,59.51,BuildingB_Floor1,TypeB
1000,2025-04-21 11:47:08,15.46,53.13,BuildingA_Floor1,TypeA
1014,2025-04-23 21:18:27,33.83,38.64,BuildingB_Floor2,TypeC
1089,2025-04-21 21:08:53,28.63,35.91,BuildingA_Floor2,TypeC
1066,2025-04-23 03:15:28,30.6,52.56,BuildingA_Floor2,TypeA
1096,2025-04-21 10:27:15,19.77,71.15,BuildingB_Floor2,TypeA
1065,2025-04-21 21:40:22,18.13,46.21,BuildingA_Floor2,TypeC
1061,2025-04-21 17:10:33,22.56,35.31,BuildingA_Floor2,TypeB
1067,2025-04-23 02:03:43,32.78,49.11,BuildingA_Floor1,TypeA
1013,2025-04-23 10:13:57,25.7,42.05,BuildingA_Floor2,TypeB
1032,2025-04-24 16:49:20,34.06,76.46,BuildingA_Floor1,TypeB
1100,2025-04-23 09:11:04,32.19,41.34,BuildingA_Floor2,TypeA
1015,2025-04-24 14:19:23,25.19,60.87,BuildingA_Floor1,TypeC
1080,2025-04-24 16:07:56,17.78,77.42,BuildingB_Floor2,TypeB
1066,2025-04-25 09:57:03,25.97,69.69,BuildingA_Floor1,TypeA
1035,2025-04-21 07:04:17,17.28,74.23,BuildingA_Floor2,TypeB
1003,2025-04-21 18:50:34,29.42,73.82,BuildingB_Floor2,TypeA
1040,2025-04-24 02:47:09,34.3,31.09,BuildingA_Floor2,TypeC
1079,2025-04-24 16:02:45,18.67,74.52,BuildingB_Floor2,TypeA
1078,2025-04-25 08:19:30,27.97,52.81,BuildingB_Floor2,TypeB
1000,2025-04-25 19:19:10,19.86,74.96,BuildingB_Floor2,TypeA
1059,2025-04-22 17:00:11,29.78,48.92,BuildingB_Floor1,TypeA
1007,2025-04-22 23:29:16,24.33,79.41,BuildingB_Floor2,TypeC
1084,2025-04-23 13:49:17,24.93,40.51,BuildingB_Floor2,TypeB
1060,2025-04-23 20:19:56,28.1,56.56,BuildingB_Floor1,TypeB
1085,2025-04-22 11:24:33,33.0,66.17,BuildingB_Floor1,TypeB
1075,2025-04-24 12:47:50,19.75,58.53,BuildingA_Floor2,TypeC
1060,2025-04-23 10:17:42,19.66,55.01,BuildingA_Floor1,TypeB
1023,2025-04-23 06:50:51,30.31,70.42,BuildingA_Floor2,TypeB
1068,2025-04-25 22:19:50,24.79,41.06,BuildingA_Floor2,TypeC
1063,2025-04-24 20:33:57,15.33,43.89,BuildingB_Floor2,TypeB
1037,2025-04-23 19:57:16,25.21,50.94,BuildingA_Floor2,TypeC
1087,2025-04-23 01:04:39,20.21,48.07,BuildingB_Floor2,TypeC
1053,2025-04-25 08:35:06,18.16,35.21,BuildingA_Floor1,TypeB
1081,2025-04-21 05:16:12,29.63,55.89,BuildingB_Floor1,TypeB
1067,2025-04-22 21:38:48,20.96,32.63,BuildingB_Floor2,TypeA
1029,2025-04-25 00:13:06,27.49,62.39,BuildingB_Floor1,TypeA
1006,2025-04-25 05:17:25,17.65,70.58,BuildingA_Floor2,TypeA
1059,2025-04-22 06:41:46,24.77,59.7,BuildingA_Floor1,TypeB
1071,2025-04-21 11:41:48,21.93,52.45,BuildingB_Floor2,TypeC
1024,2025-04-24 13:22:31,15.47,73.51,BuildingB_Floor1,TypeC
1075,2025-04-24 15:54:23,30.93,45.56,BuildingB_Floor2,TypeB
1079,2025-04-22 04:19:31,28.59,41.17,BuildingA_Floor2,TypeA
1063,2025-04-23 17:25:26,22.89,48.86,BuildingB_Floor1,TypeC
1014,2025-04-25 12:26:15,33.4,30.46,BuildingA_Floor2,TypeB
1053,2025-04-21 22:06:22,29.74,67.32,BuildingA_Floor2,TypeB
1053,2025-04-24 05:04:09,33.67,58.71,BuildingA_Floor2,TypeC
1098,2025-04-23 12:11:20,33.19,51.28,BuildingB_Floor1,TypeC
1047,2025-04-25 18:15:42,18.28,68.9,BuildingA_Floor1,TypeC
1054,2025-04-24 13:18:44,29.29,31.54,BuildingB_Floor2,TypeA
1001,2025-04-25 14:01:13,24.05,46.17,BuildingA_Floor2,TypeA
1015,2025-04-23 06:19:26,20.88,31.04,BuildingB_Floor2,TypeB
1067,2025-04-21 21:15:02,17.75,31.94,BuildingA_Floor2,TypeA
1065,2025-04-25 04:36:53,28.33,38.45,BuildingA_Floor2,TypeB
1088,2025-04-23 22:57:35,15.36,45.09,BuildingA_Floor1,TypeB
1062,2025-04-21 18:50:15,26.42,58.18,BuildingA_Floor1,TypeB
1056,2025-04-23 02:23:26,15.86,39.81,BuildingA_Floor2,TypeA
1057,2025-04-25 19:51:13,15.74,59.43,BuildingA_Floor2,TypeC
1086,2025-04-25 23:33:25,19.33,44.46,BuildingB_Floor2,TypeC
1082,2025-04-22 11:16:19,18.42,31.65,BuildingB_Floor1,TypeA
1072,2025-04-21 15:22:26,28.37,74.84,BuildingA_Floor2,TypeA
1091,2025-04-24 00:46:07,19.65,49.9,BuildingB_Floor1,TypeB
1045,2025-04-21 22:09:07,34.98,51.16,BuildingB_Floor1,TypeC
1056,2025-04-21 09:58:38,28.26,77.07,BuildingB_Floor2,TypeC
1047,2025-04-25 22:55:48,23.06,63.19,BuildingA_Floor2,TypeC
1029,2025-04-24 03:32:52,22.05,71.88,BuildingB_Floor2,TypeC
1076,2025-04-24 20:21:54,26.61,65.72,BuildingA_Floor2,TypeC
1058,2025-04-23 21:42:58,23.84,55.79,BuildingB_Floor2,TypeA
1038,2025-04-23 19:36:12,20.64,60.0,BuildingA_Floor2,TypeA
1097,2025-04-22 02:28:01,34.34,72.88,BuildingB_Floor2,TypeB
1067,2025-04-21 14:20:52,22.5,48.76,BuildingB_Floor2,TypeC
1041,2025-04-24 22:30:16,27.31,70.55,BuildingA_Floor2,TypeB
1098,2025-04-22 14:05:57,24.2,77.17,BuildingA_Floor1,TypeB
1087,2025-04-21 13:36:24,15.44,72.67,BuildingB_Floor2,TypeC
1094,2025-04-24 22:57:19,17.37,58.02,BuildingA_Floor1,TypeC
1016,2025-04-21 20:55:13,27.29,68.22,BuildingA_Floor1,TypeC
1024,2025-04-21 20:35:40,33.55,77.63,BuildingB_Floor2,TypeC
1043,2025-04-22 08:31:36,29.7,46.27,BuildingA_Floor1,TypeB
1024,2025-04-22 22:21:12,34.09,47.75,BuildingB_Floor2,TypeC
1027,2025-04-22 11:14:54,26.44,73.19,BuildingA_Floor1,TypeC
1007,2025-04-22 11:00:06,18.73,71.64,BuildingA_Floor1,TypeC
1011,2025-04-21 14:30:12,26.34,48.51,BuildingB_Floor1,TypeA
1053,2025-04-25 13:52:54,26.74,64.28,BuildingA_Floor1,TypeB
1047,2025-04-23 01:07:20,33.27,56.46,BuildingA_Floor1,TypeC
1071,2025-04-25 07:40:06,29.64,56.06,BuildingB_Floor1,TypeB
1092,2025-04-21 08:41:20,25.6,43.6,BuildingA_Floor2,TypeA
1050,2025-04-25 10:04:14,23.54,76.54,BuildingA_Floor2,TypeB
1048,2025-04-22 12:49:00,19.82,77.1,BuildingA_Floor2,TypeB
1088,2025-04-22 05:51:14,16.72,61.47,BuildingB_Floor2,TypeB
1035,2025-04-23 08:33:11,20.79,46.2,BuildingB_Floor2,TypeB
1004,2025-04-25 04:51:04,16.09,65.49,BuildingA_Floor2,TypeC
1014,2025-04-23 05:32:55,27.39,53.48,BuildingA_Floor2,TypeA
1051,2025-04-25 06:08:47,34.14,52.33,BuildingA_Floor2,TypeC
1021,2025-04-25 13:43:38,33.54,69.1,BuildingB_Floor1,TypeB
1066,2025-04-23 00:32:31,27.25,64.16,BuildingA_Floor1,TypeA
1014,2025-04-22 22:59:22,18.21,72.7,BuildingB_Floor1,TypeC
1025,2025-04-22 10:13:35,15.92,74.51,BuildingA_Floor1,TypeC
1027,2025-04-24 20:31:21,26.96,52.44,BuildingB_Floor2,TypeA
1082,2025-04-21 05:46:33,34.62,69.59,BuildingA_Floor1,TypeA
1035,2025-04-23 15:46:44,25.32,51.86,BuildingA_Floor2,TypeA
1019,2025-04-22 22:52:40,28.91,42.51,BuildingB_Floor2,TypeC
1087,2025-04-25 22:33:25,34.99,33.99,BuildingB_Floor2,TypeB
1053,2025-04-25 06:04:10,27.52,74.51,BuildingB_Floor2,TypeB
1001,2025-04-21 11:39:26,27.43,40.31,BuildingB_Floor1,TypeB
1009,2025-04-24 06:37:32,31.93,60.24,BuildingA_Floor2,TypeC
1056,2025-04-25 19:07:31,26.44,75.42,BuildingA_Floor1,TypeC
1032,2025-04-24 11:57:07,34.18,70.8,BuildingB_Floor1,TypeC
1059,2025-04-21 22:40:12,30.5,31.28,BuildingB_Floor2,TypeA
1011,2025-04-23 13:31:13,34.93,70.83,BuildingB_Floor1,TypeB
1087,2025-04-25 04:07:17,26.27,55.22,BuildingB_Floor2,TypeA
1042,2025-04-24 09:21:47,24.01,62.87,BuildingA_Floor2,TypeA
1027,2025-04-22 21:19:51,31.83,54.36,BuildingB_Floor1,TypeB
1047,2025-04-24 09:09:25,21.82,69.06,BuildingB_Floor2,TypeC
1048,2025-04-25 05:20:07,15.37,37.99,BuildingB_Floor2,TypeB
1074,2025-04-22 20:34:04,24.89,61.93,BuildingA_Floor2,TypeC
1081,2025-04-24 18:45:51,28.59,41.18,BuildingB_Floor1,TypeB
1040,2025-04-23 04:11:33,21.19,40.06,BuildingA_Floor1,TypeA
1079,2025-04-23 21:10:33,30.75,67.56,BuildingB_Floor2,TypeA
1100,2025-04-25 23:03:54,15.74,77.59,BuildingA_Floor1,TypeC
1076,2025-04-22 21:57:01,33.64,45.34,BuildingA_Floor2,TypeB
1055,2025-04-24 14:08:46,15.62,44.76,BuildingB_Floor1,TypeA
1074,2025-04-21 23:02:37,29.24,73.79,BuildingB_Floor1,TypeC
1040,2025-04-25 06:11:03,32.62,71.61,BuildingA_Floor1,TypeC
1094,2025-04-22 01:06:20,33.58,71.3,BuildingB_Floor2,TypeC
1028,2025-04-24 23:01:51,26.27,53.96,BuildingA_Floor2,TypeB
1037,2025-04-22 01:44:44,16.02,79.91,BuildingB_Floor1,TypeA
1051,2025-04-25 09:45:41,29.29,72.34,BuildingB_Floor2,TypeA
1041,2025-04-24 10:14:24,28.93,57.24,BuildingA_Floor2,TypeA
1084,2025-04-22 10:48:42,24.22,65.44,BuildingB_Floor1,TypeA
1084,2025-04-25 11:45:55,28.62,70.58,BuildingA_Floor2,TypeA
1020,2025-04-22 20:23:19,31.63,66.88,BuildingA_Floor2,TypeC
1065,2025-04-24 06:31:05,21.54,52.48,BuildingB_Floor2,TypeA
1059,2025-04-21 17:15:48,29.09,34.05,BuildingB_Floor2,TypeC
1025,2025-04-22 10:00:49,34.25,48.79,BuildingA_Floor2,TypeC
1084,2025-04-21 19:19:18,19.04,63.51,BuildingB_Floor1,TypeB
1045,2025-04-24 21:26:42,20.44,42.61,BuildingB_Floor2,TypeB
1042,2025-04-23 07:10:00,17.37,66.52,BuildingB_Floor2,TypeC
1076,2025-04-25 10:43:38,17.08,54.98,BuildingB_Floor2,TypeB
1093,2025-04-25 23:19:35,27.86,79.1,BuildingA_Floor1,TypeB
1082,2025-04-25 23:31:32,28.04,56.41,BuildingB_Floor2,TypeB
1093,2025-04-21 10:52:34,30.74,31.58,BuildingB_Floor2,TypeC
1043,2025-04-24 17:53:52,27.18,62.43,BuildingA_Floor1,TypeB
1024,2025-04-25 09:46:33,34.89,35.46,BuildingA_Floor2,TypeA
1008,2025-04-24 06:07:18,15.81,44.04,BuildingA_Floor2,TypeA
1014,2025-04-22 06:54:07,28.21,36.0,BuildingA_Floor1,TypeC
1072,2025-04-23 11:34:50,21.25,75.97,BuildingA_Floor2,TypeC
1027,2025-04-21 08:35:47,31.34,34.78,BuildingA_Floor2,TypeB
1027,2025-04-24 05:49:13,20.62,58.49,BuildingA_Floor1,TypeB
1060,2025-04-21 21:34:01,18.16,70.28,BuildingB_Floor1,TypeC
1093,2025-04-21 21:31:36,18.22,30.04,BuildingA_Floor1,TypeA
1075,2025-04-24 19:30:15,15.36,36.36,BuildingB_Floor2,TypeB
1088,2025-04-26 00:56:19,32.93,64.97,BuildingB_Floor1,TypeA
1093,2025-04-21 12:07:03,21.34,54.77,BuildingB_Floor1,TypeB
1079,2025-04-21 12:40:14,15.16,76.12,BuildingB_Floor2,TypeB
1066,2025-04-23 01:15:27,20.59,59.91,BuildingA_Floor2,TypeC
1069,2025-04-22 02:11:16,15.22,47.07,BuildingB_Floor2,TypeA
1047,2025-04-25 01:01:46,20.58,31.07,BuildingA_Floor1,TypeC
1034,2025-04-21 05:49:09,26.75,49.91,BuildingB_Floor2,TypeC
1076,2025-04-25 16:46:34,17.44,76.15,BuildingA_Floor2,TypeC
1067,2025-04-25 09:24:29,19.79,40.19,BuildingA_Floor2,TypeA
1043,2025-04-24 19:41:42,26.18,38.84,BuildingA_Floor1,TypeA
1070,2025-04-24 20:13:57,33.45,77.98,BuildingB_Floor1,TypeC
1058,2025-04-24 23:23:40,15.92,37.05,BuildingB_Floor1,TypeC
1051,2025-04-22 15:35:52,21.4,53.57,BuildingB_Floor1,TypeA
1100,2025-04-24 10:32:14,28.18,35.22,BuildingB_Floor1,TypeC
1033,2025-04-21 09:45:26,29.54,75.49,BuildingA_Floor1,TypeC
1057,2025-04-22 03:09:12,31.14,39.12,BuildingB_Floor1,TypeC
1079,2025-04-22 22:21:43,23.47,62.64,BuildingB_Floor1,TypeC
1016,2025-04-22 02:14:07,23.2,53.08,BuildingB_Floor1,TypeA
1045,2025-04-24 00:59:06,15.59,47.97,BuildingA_Floor2,TypeC
1064,2025-04-23 17:29:25,21.07,34.0,BuildingB_Floor1,TypeB
1018,2025-04-25 03:58:21,24.11,69.18,BuildingA_Floor1,TypeB
1003,2025-04-24 06:38:13,21.67,60.8,BuildingA_Floor2,TypeC
1057,2025-04-24 09:38:34,26.49,75.15,BuildingA_Floor1,TypeC
1077,2025-04-21 19:54:30,19.47,73.74,BuildingB_Floor1,TypeC
1012,2025-04-23 15:11:16,24.29,78.25,BuildingA_Floor2,TypeB
1080,2025-04-25 06:44:38,22.12,70.51,BuildingB_Floor2,TypeA
1086,2025-04-21 17:04:25,25.81,73.25,BuildingB_Floor1,TypeC
1099,2025-04-24 11:52:37,28.27,63.21,BuildingB_Floor1,TypeC
1087,2025-04-21 04:27:47,22.74,51.71,BuildingA_Floor2,TypeB
1012,2025-04-23 14:07:48,24.88,40.57,BuildingB_Floor2,TypeA
1029,2025-04-21 07:48:26,21.83,68.52,BuildingB_Floor2,TypeA
1089,2025-04-24 02:13:50,17.19,37.6,BuildingA_Floor2,TypeC
1038,2025-04-24 20:04:47,30.17,61.03,BuildingB_Floor2,TypeA
1043,2025-04-21 13:14:39,22.58,34.51,BuildingA_Floor1,TypeB
1048,2025-04-22 00:25:46,31.58,73.9,BuildingA_Floor1,TypeB
1080,2025-04-21 08:29:56,30.24,50.36,BuildingA_Floor2,TypeB
1100,2025-04-25 18:37:58,31.73,57.3,BuildingA_Floor1,TypeB
1026,2025-04-24 09:37:34,25.16,64.05,BuildingB_Floor1,TypeA
1046,2025-04-25 01:13:29,32.23,42.09,BuildingB_Floor2,TypeA
1098,2025-04-25 21:01:49,19.47,41.95,BuildingA_Floor1,TypeA
1078,2025-04-22 03:30:07,21.81,75.73,BuildingB_Floor2,TypeC
1076,2025-04-24 22:30:04,31.81,31.41,BuildingB_Floor2,TypeB
1004,2025-04-25 07:05:11,21.19,54.44,BuildingB_Floor1,TypeB
1012,2025-04-22 20:52:29,18.8,71.44,BuildingB_Floor1,TypeC
1023,2025-04-23 07:43:39,16.6,38.9,BuildingA_Floor1,TypeA
1060,2025-04-23 17:33:03,26.44,43.56,BuildingA_Floor1,TypeC
1045,2025-04-23 18:02:09,26.41,36.75,BuildingB_Floor1,TypeB
1097,2025-04-24 21:36:07,20.1,39.99,BuildingA_Floor1,TypeA
1033,2025-04-23 18:08:32,33.82,56.06,BuildingB_Floor1,TypeA
1009,2025-04-23 06:06:41,33.89,45.59,BuildingA_Floor2,TypeC
1048,2025-04-26 00:20:39,24.67,49.67,BuildingA_Floor1,TypeC
1073,2025-04-21 20:08:51,15.1,70.63,BuildingB_Floor1,TypeB
1032,2025-04-22 03:52:18,27.21,41.89,BuildingA_Floor2,TypeA
1035,2025-04-24 15:20:21,26.09,41.17,BuildingB_Floor2,TypeC
1062,2025-04-22 14:04:50,21.84,47.49,BuildingA_Floor2,TypeB
1022,2025-04-22 20:44:46,30.18,47.05,BuildingA_Floor2,TypeB
1076,2025-04-22 04:19:28,16.75,66.16,BuildingB_Floor2,TypeA
1022,2025-04-21 12:22:45,28.93,64.99,BuildingB_Floor1,TypeC
1009,2025-04-23 08:20:18,15.36,30.33,BuildingB_Floor1,TypeC
1007,2025-04-23 00:39:24,22.5,32.83,BuildingA_Floor1,TypeC
1055,2025-04-23 10:04:24,33.84,41.93,BuildingB_Floor2,TypeA
1061,2025-04-25 04:06:18,23.69,70.31,BuildingB_Floor2,TypeA
1046,2025-04-22 22:28:31,32.83,63.23,BuildingB_Floor1,TypeC
1058,2025-04-25 19:21:34,21.64,67.63,BuildingA_Floor2,TypeB
1096,2025-04-24 15:17:09,31.99,76.48,BuildingA_Floor1,TypeC
1077,2025-04-22 12:07:36,25.67,71.41,BuildingA_Floor2,TypeC
1029,2025-04-23 13:47:25,31.05,45.13,BuildingB_Floor1,TypeC
1011,2025-04-23 12:48:53,18.23,60.64,BuildingB_Floor2,TypeB
1012,2025-04-23 05:04:58,25.25,40.59,BuildingB_Floor1,TypeB
1038,2025-04-25 11:00:10,15.28,44.12,BuildingB_Floor1,TypeA
1060,2025-04-24 11:46:34,21.33,50.18,BuildingB_Floor2,TypeB
1016,2025-04-25 01:28:33,27.81,62.83,BuildingA_Floor2,TypeC
1011,2025-04-23 18:46:16,20.24,65.12,BuildingB_Floor1,TypeA
1024,2025-04-24 17:51:43,34.97,60.38,BuildingB_Floor2,TypeB
1030,2025-04-22 02:18:20,34.2,32.89,BuildingB_Floor2,TypeB
1057,2025-04-22 00:10:12,22.24,39.08,BuildingA_Floor2,TypeC
1061,2025-04-23 00:42:38,25.52,42.68,BuildingB_Floor2,TypeA
1083,2025-04-23 15:35:35,29.86,31.89,BuildingA_Floor2,TypeA
1077,2025-04-21 14:45:46,19.97,77.37,BuildingA_Floor2,TypeA
1002,2025-04-24 02:40:59,30.03,38.09,BuildingA_Floor2,TypeB
1026,2025-04-24 17:17:09,24.57,77.8,BuildingB_Floor1,TypeB
1069,2025-04-24 21:27:03,24.27,41.19,BuildingA_Floor2,TypeC
1031,2025-04-25 00:04:53,18.64,74.91,BuildingA_Floor2,TypeB
1078,2025-04-25 21:55:49,26.91,61.39,BuildingA_Floor2,TypeC
1013,2025-04-22 05:32:45,28.16,31.44,BuildingB_Floor1,TypeB
1087,2025-04-25 11:55:18,22.16,64.39,BuildingA_Floor1,TypeA
1055,2025-04-25 01:07:09,29.73,30.19,BuildingB_Floor1,TypeB
1005,2025-04-21 16:09:24,34.8,35.98,BuildingB_Floor2,TypeC
1046,2025-04-24 11:55:55,20.97,44.55,BuildingB_Floor2,TypeA
1088,2025-04-23 19:34:03,20.26,49.68,BuildingA_Floor1,TypeB
1057,2025-04-23 00:20:15,19.58,48.22,BuildingA_Floor1,TypeB
1028,2025-04-21 22:07:05,17.21,31.27,BuildingA_Floor2,TypeC
1019,2025-04-22 22:45:31,22.78,35.86,BuildingB_Floor2,TypeC
1080,2025-04-23 21:38:19,17.65,32.77,BuildingA_Floor2,TypeB
1029,2025-04-26 00:49:26,31.88,61.99,BuildingA_Floor1,TypeB
1090,2025-04-24 10:12:11,31.04,46.84,BuildingA_Floor2,TypeB
1030,2025-04-24 13:27:11,23.33,43.0,BuildingB_Floor1,TypeA
1079,2025-04-21 13:09:44,33.73,39.93,BuildingB_Floor2,TypeA
1021,2025-04-23 01:35:12,22.64,78.99,BuildingA_Floor1,TypeA
1074,2025-04-23 23:07:48,27.87,71.93,BuildingA_Floor1,TypeA
1019,2025-04-21 19:39:35,23.55,76.01,BuildingA_Floor2,TypeC
1087,2025-04-23 19:05:47,15.4,40.68,BuildingA_Floor2,TypeA
1087,2025-04-26 00:25:12,28.64,79.32,BuildingB_Floor2,TypeB
1012,2025-04-22 13:37:15,30.04,77.06,BuildingA_Floor1,TypeA
1015,2025-04-22 19:06:54,17.27,62.26,BuildingA_Floor2,TypeC
1049,2025-04-22 20:32:22,18.45,53.26,BuildingB_Floor2,TypeA
1026,2025-04-23 15:42:47,30.18,36.19,BuildingB_Floor1,TypeC
1008,2025-04-23 13:19:01,27.64,46.65,BuildingB_Floor2,TypeB
1001,2025-04-25 00:43:22,20.28,73.39,BuildingB_Floor2,TypeB
1039,2025-04-25 21:29:52,15.26,60.93,BuildingA_Floor2,TypeC
1066,2025-04-23 16:59:59,29.59,54.63,BuildingA_Floor1,TypeC
1072,2025-04-22 16:12:59,21.82,62.8,BuildingA_Floor1,TypeC
1037,2025-04-25 03:33:49,33.7,67.97,BuildingB_Floor2,TypeB
1100,2025-04-23 19:06:49,26.91,33.45,BuildingB_Floor2,TypeC
1038,2025-04-23 16:31:37,18.74,42.5,BuildingB_Floor1,TypeC
1024,2025-04-24 06:39:08,31.23,79.71,BuildingB_Floor1,TypeB
1082,2025-04-23 16:05:55,22.71,65.72,BuildingA_Floor1,TypeC
1056,2025-04-24 05:08:39,23.66,32.56,BuildingB_Floor2,TypeA
1017,2025-04-21 19:24:50,16.91,79.21,BuildingB_Floor2,TypeB
1044,2025-04-24 09:36:38,23.19,63.76,BuildingB_Floor1,TypeA
1091,2025-04-22 19:54:31,25.62,52.03,BuildingB_Floor2,TypeB
1015,2025-04-21 02:32:15,26.55,33.72,BuildingB_Floor1,TypeB
1042,2025-04-21 19:19:59,22.72,65.93,BuildingA_Floor2,TypeC
1080,2025-04-24 04:37:28,28.14,65.48,BuildingB_Floor1,TypeA
1088,2025-04-23 08:05:12,16.55,72.39,BuildingA_Floor2,TypeB
1051,2025-04-22 18:48:35,15.57,72.24,BuildingA_Floor2,TypeA
1006,2025-04-25 19:19:18,27.08,33.81,BuildingB_Floor1,TypeA
1065,2025-04-22 18:08:19,27.56,30.4,BuildingB_Floor2,TypeC
1041,2025-04-22 19:30:45,16.49,35.3,BuildingB_Floor2,TypeA
1050,2025-04-24 15:22:01,27.11,70.76,BuildingB_Floor2,TypeC
1096,2025-04-23 00:38:56,15.16,62.04,BuildingA_Floor1,TypeC
1009,2025-04-22 21:28:55,16.6,75.16,BuildingA_Floor2,TypeC
1066,2025-04-25 22:41:01,25.53,41.26,BuildingA_Floor1,TypeC
1020,2025-04-22 11:23:28,17.01,62.68,BuildingB_Floor1,TypeA
1077,2025-04-22 23:29:53,15.72,52.93,BuildingB_Floor1,TypeB
1014,2025-04-23 17:19:47,26.37,31.81,BuildingB_Floor1,TypeB
1015,2025-04-25 09:28:23,24.97,64.21,BuildingA_Floor2,TypeC
1044,2025-04-22 15:50:03,22.75,61.84,BuildingB_Floor1,TypeA
1000,2025-04-21 05:12:19,30.08,63.35,BuildingA_Floor2,TypeB
1085,2025-04-21 10:57:02,16.65,39.45,BuildingB_Floor1,TypeC
1086,2025-04-22 21:15:37,19.43,60.8,BuildingA_Floor1,TypeA
1019,2025-04-24 11:44:47,30.33,61.86,BuildingA_Floor1,TypeC
1080,2025-04-21 13:00:52,21.88,35.05,BuildingB_Floor1,TypeA
1051,2025-04-23 14:40:14,33.12,72.71,BuildingA_Floor2,TypeC
1009,2025-04-21 17:30:11,16.95,41.91,BuildingB_Floor2,TypeB
1067,2025-04-25 08:59:43,23.64,61.95,BuildingA_Floor1,TypeA
1099,2025-04-21 06:19:59,17.74,38.12,BuildingA_Floor2,TypeC
1075,2025-04-24 02:52:52,19.36,62.4,BuildingA_Floor2,TypeB
1090,2025-04-23 20:58:45,17.68,70.66,BuildingA_Floor1,TypeA
1081,2025-04-24 04:18:32,17.07,38.13,BuildingB_Floor1,TypeA
1014,2025-04-24 01:53:06,16.41,36.78,BuildingB_Floor2,TypeB
1075,2025-04-25 10:11:43,23.13,30.8,BuildingB_Floor2,TypeA
1083,2025-04-23 09:30:15,17.11,35.69,BuildingB_Floor1,TypeB
1039,2025-04-24 07:29:12,19.86,36.46,BuildingA_Floor2,TypeC
1073,2025-04-25 11:57:52,26.29,37.14,BuildingB_Floor1,TypeC
1027,2025-04-21 02:40:42,32.42,32.1,BuildingA_Floor1,TypeB
1008,2025-04-21 21:32:22,24.68,64.77,BuildingA_Floor1,TypeA
1096,2025-04-25 04:06:54,28.14,41.78,BuildingB_Floor2,TypeC
1084,2025-04-23 22:13:30,29.58,39.69,BuildingB_Floor1,TypeC
1053,2025-04-23 16:59:28,17.2,60.91,BuildingB_Floor2,TypeA
1097,2025-04-23 07:23:34,21.74,50.11,BuildingB_Floor2,TypeA
1004,2025-04-21 04:57:26,22.02,31.41,BuildingA_Floor1,TypeA
1024,2025-04-22 09:21:39,34.31,67.9,BuildingB_Floor2,TypeA
1077,2025-04-23 19:17:39,22.07,68.33,BuildingB_Floor2,TypeC
1058,2025-04-25 13:42:39,21.27,39.82,BuildingA_Floor2,TypeB
1025,2025-04-24 02:32:59,32.17,60.77,BuildingA_Floor2,TypeA
1059,2025-04-22 22:56:15,23.0,68.42,BuildingB_Floor1,TypeC
1023,2025-04-22 03:14:11,19.64,75.06,BuildingB_Floor2,TypeA
1068,2025-04-21 20:16:23,33.92,51.32,BuildingB_Floor1,TypeB
1007,2025-04-24 13:02:29,21.95,30.97,BuildingB_Floor2,TypeB
1062,2025-04-22 02:26:39,30.59,41.53,BuildingB_Floor1,TypeB
1071,2025-04-25 15:08:53,17.41,51.35,BuildingB_Floor1,TypeB
1062,2025-04-23 17:22:40,16.77,59.11,BuildingB_Floor1,TypeA
1032,2025-04-25 13:53:07,21.89,33.87,BuildingA_Floor1,TypeA
1073,2025-04-25 10:41:21,27.06,75.64,BuildingA_Floor2,TypeB
1000,2025-04-23 21:46:01,23.25,76.73,BuildingA_Floor2,TypeA
1021,2025-04-25 09:20:37,25.9,69.67,BuildingB_Floor2,TypeB
1028,2025-04-26 01:36:38,33.76,46.69,BuildingA_Floor1,TypeA
1055,2025-04-22 02:24:52,34.81,60.52,BuildingA_Floor1,TypeC
1001,2025-04-25 08:46:53,22.45,56.25,BuildingB_Floor2,TypeA
1074,2025-04-23 00:08:23,17.48,60.86,BuildingA_Floor2,TypeA
1089,2025-04-22 02:26:15,18.45,74.39,BuildingA_Floor2,TypeA
1054,2025-04-24 20:14:25,22.7,69.5,BuildingA_Floor1,TypeA
1087,2025-04-22 07:33:55,26.4,73.11,BuildingB_Floor1,TypeB
1078,2025-04-23 14:40:32,27.0,50.69,BuildingA_Floor2,TypeA
1004,2025-04-21 05:10:38,25.57,76.31,BuildingA_Floor2,TypeC
1033,2025-04-23 17:08:48,18.21,60.08,BuildingB_Floor2,TypeA
